Company Name,Industry,Symbol,Series,ISIN Code,Yahoo Symbol,Current Price (INR),1Y Return,Annualised Volatility,Maximum Drawdown,Price Observations,Price Start,Price End,Price Error,Trailing PE,Market Cap (INR),Market Cap (INR Crore),Yahoo Sector,Yahoo Industry,Currency,Fundamental Error,Fundamental As Of,Data Complete,Value Score,Momentum Score,Value Contribution,Momentum Contribution,Composite Score,Momentum Efficiency,Screen Result,Passed
ABB India Ltd.,Capital Goods,ABB,EQ,INE117A01022,ABB.NS,7248.0,0.24238571404538511,0.28735800275837414,-0.2269596065490177,250,2025-06-19,2026-06-19,,99.26048,1535911788544,153591.1788544,Industrials,Specialty Industrial Machinery,INR,,2026-06-19,True,7.291666666666667,73.95833333333334,3.28125,40.67708333333334,43.95833333333334,0.843497350756561,P/E above 30,False
Adani Energy Solutions Ltd.,Power,ADANIENSOL,EQ,INE931S01010,ADANIENSOL.NS,1507.4000244140625,0.8302574904056377,0.37768622338304236,-0.2317799475832698,250,2025-06-19,2026-06-19,,80.8691,1810813550592,181081.3550592,Utilities,Utilities - Independent Power Producers,INR,,2026-06-19,True,10.416666666666668,97.91666666666666,4.687500000000001,53.854166666666664,58.541666666666664,2.198273166992395,P/E above 30,False
Adani Enterprises Ltd.,Metals & Mining,ADANIENT,EQ,INE423A01024,ADANIENT.NS,3038.39990234375,0.25578710816079386,0.34149879153262896,-0.3428485708823117,250,2025-06-19,2026-06-19,,41.28822,4168646918144,416864.6918144,Energy,Thermal Coal,INR,,2026-06-19,True,37.5,77.08333333333334,16.875,42.39583333333334,59.27083333333334,0.7490132161605448,P/E above 30,False
Adani Green Energy Ltd.,Power,ADANIGREEN,EQ,INE364U01010,ADANIGREEN.NS,1502.4000244140625,0.6085653366317585,0.41962442265307465,-0.32925402819308713,250,2025-06-19,2026-06-19,,155.85062,2474717478912,247471.7478912,Utilities,Utilities - Renewable,INR,,2026-06-19,True,2.083333333333333,96.875,0.9374999999999999,53.28125000000001,54.21875000000001,1.4502619575479074,P/E above 30,False
Adani Ports and Special Economic Zone Ltd.,Services,ADANIPORTS,EQ,INE742F01042,ADANIPORTS.NS,1835.300048828125,0.3774549936160638,0.2691485990416403,-0.16978732689545983,250,2025-06-19,2026-06-19,,31.480276,4228456120320,422845.612032,Industrials,Marine Shipping,INR,,2026-06-19,True,52.083333333333336,88.54166666666666,23.4375,48.697916666666664,72.13541666666666,1.4024037091780193,P/E above 30,False
Adani Power Ltd.,Power,ADANIPOWER,EQ,INE814H01029,ADANIPOWER.NS,231.75999450683594,1.1599253300584058,0.42998763000981316,-0.2214544579913329,250,2025-06-19,2026-06-19,,35.062027,4469420982272,446942.0982272,Utilities,Utilities - Independent Power Producers,INR,,2026-06-19,True,46.875,100.0,21.09375,55.00000000000001,76.09375,2.697578369945047,P/E above 30,False
Ambuja Cements Ltd.,Construction Materials,AMBUJACEM,EQ,INE079A01024,AMBUJACEM.NS,423.95001220703125,-0.20035934342405215,0.26589963382583076,-0.36290385314321527,250,2025-06-19,2026-06-19,,22.266281,1053438246912,105343.8246912,Basic Materials,Building Materials,INR,,2026-06-19,True,64.58333333333334,15.625,29.062500000000004,8.59375,37.65625,-0.7535149279494355,1Y return below 10%,False
Apollo Hospitals Enterprise Ltd.,Healthcare,APOLLOHOSP,EQ,INE437A01024,APOLLOHOSP.NS,8489.5,0.21430223683372418,0.19935620541762156,-0.15208440978271498,250,2025-06-19,2026-06-19,,62.843292,1220659773440,122065.977344,Healthcare,Medical Care Facilities,INR,,2026-06-19,True,22.916666666666664,70.83333333333334,10.3125,38.95833333333334,49.27083333333334,1.0749714882704198,P/E above 30,False
Asian Paints Ltd.,Consumer Durables,ASIANPAINT,EQ,INE021A01026,ASIANPAINT.NS,2732.89990234375,0.20686295100122343,0.23786745405833,-0.2853966485335607,250,2025-06-19,2026-06-19,,60.636784,2619878932480,261987.893248,Basic Materials,Specialty Chemicals,INR,,2026-06-19,True,23.958333333333336,69.79166666666666,10.781250000000002,38.385416666666664,49.166666666666664,0.869656388345151,P/E above 30,False
Axis Bank Ltd.,Financial Services,AXISBANK,EQ,INE238A01034,AXISBANK.NS,1357.9000244140625,0.11627152493923121,0.23498175984279862,-0.1722736644133107,250,2025-06-19,2026-06-19,,16.06222,4223410372608,422341.0372608,Financial Services,Banks - Regional,INR,,2026-06-19,True,79.16666666666666,57.291666666666664,35.625,31.510416666666668,67.13541666666667,0.4948108526253959,Passed all filters,True
Bajaj Auto Ltd.,Automobile and Auto Components,BAJAJ-AUTO,EQ,INE917I01010,BAJAJ-AUTO.NS,10066.0,0.23191672729093704,0.21805611766562225,-0.13367955187626246,250,2025-06-19,2026-06-19,,26.169924,2811149418496,281114.9418496,Consumer Cyclical,Auto Manufacturers,INR,,2026-06-19,True,59.375,71.875,26.71875,39.53125,66.25,1.0635644153151866,Passed all filters,True
Bajaj Finserv Ltd.,Financial Services,BAJAJFINSV,EQ,INE918I01026,BAJAJFINSV.NS,1769.4000244140625,-0.10029371729276082,0.2251136385257559,-0.2502986420954233,250,2025-06-19,2026-06-19,,29.030354,2828400590848,282840.0590848,Financial Services,Financial Conglomerates,INR,,2026-06-19,True,54.166666666666664,21.875,24.375,12.031250000000002,36.40625,-0.4455248378089093,1Y return below 10%,False
Bajaj Holdings & Investment Ltd.,Financial Services,BAJAJHLDNG,EQ,INE118A01012,BAJAJHLDNG.NS,10677.0,-0.20152117246430112,0.2828736271622392,-0.3948040437470275,250,2025-06-19,2026-06-19,,12.323123,1188280795136,118828.0795136,Financial Services,Asset Management,INR,,2026-06-19,True,86.45833333333334,14.583333333333334,38.90625000000001,8.020833333333334,46.92708333333334,-0.7124070719704131,1Y return below 10%,False
Bajaj Finance Ltd.,Financial Services,BAJFINANCE,EQ,INE296A01032,BAJFINANCE.NS,961.7999877929688,0.06807327905937677,0.2913713211635071,-0.2674222273840249,250,2025-06-19,2026-06-19,,31.513762,5980353462272,598035.3462272,Financial Services,Credit Services,INR,,2026-06-19,True,51.041666666666664,51.041666666666664,22.96875,28.072916666666668,51.04166666666667,0.23363067712891514,P/E above 30; 1Y return below 10%,False
Bank of Baroda,Financial Services,BANKBARODA,EQ,INE028A01039,BANKBARODA.NS,281.04998779296875,0.25244005911437495,0.2653457014812464,-0.23686238673575644,250,2025-06-19,2026-06-19,,7.322824,1453411270656,145341.1270656,Financial Services,Banks - Regional,INR,,2026-06-19,True,92.70833333333334,76.04166666666666,41.71875000000001,41.822916666666664,83.54166666666667,0.9513629114968588,Passed all filters,True
Bharat Electronics Ltd.,Capital Goods,BEL,EQ,INE263A01024,BEL.NS,426.8999938964844,0.07818840817081552,0.25527927476070095,-0.15628896900005051,250,2025-06-19,2026-06-19,,51.62031,3120544612352,312054.4612352,Industrials,Aerospace & Defense,INR,,2026-06-19,True,30.208333333333332,54.166666666666664,13.59375,29.791666666666668,43.38541666666667,0.3062857658308118,P/E above 30; 1Y return below 10%,False
Bharti Airtel Ltd.,Telecommunication,BHARTIARTL,EQ,INE397D01024,BHARTIARTL.NS,1910.800048828125,0.026517904072456355,0.1970203173746758,-0.18768202316914562,250,2025-06-19,2026-06-19,,43.14292,11639584718848,1163958.4718848,Communication Services,Telecom Services,INR,,2026-06-19,True,34.375,40.625,15.46875,22.343750000000004,37.8125,0.13459476883303845,P/E above 30; 1Y return below 10%,False
Bosch Ltd.,Automobile and Auto Components,BOSCHLTD,EQ,INE323A01026,BOSCHLTD.NS,40195.0,0.25839548314446237,0.2948356027862888,-0.3072659356548981,249,2025-06-19,2026-06-19,,42.716106,1185595785216,118559.5785216,Consumer Cyclical,Auto Parts,INR,,2026-06-19,True,36.45833333333333,79.16666666666666,16.40625,43.541666666666664,59.947916666666664,0.8764052940097604,P/E above 30,False
Bharat Petroleum Corporation Ltd.,Oil Gas & Consumable Fuels,BPCL,EQ,INE029A01011,BPCL.NS,306.6000061035156,0.0421249344306831,0.2937684792390774,-0.30131342693315066,250,2025-06-19,2026-06-19,,5.0694447,1309974593536,130997.4593536,Energy,Oil & Gas Refining & Marketing,INR,,2026-06-19,True,98.95833333333334,43.75,44.53125000000001,24.062500000000004,68.59375000000001,0.14339501140420377,1Y return below 10%,False
Britannia Industries Ltd.,Fast Moving Consumer Goods,BRITANNIA,EQ,INE216A01030,BRITANNIA.NS,5195.0,-0.053062148670709464,0.2021287841420353,-0.19625426553448144,250,2025-06-19,2026-06-19,,49.293102,1251310698496,125131.0698496,Consumer Defensive,Packaged Foods,INR,,2026-06-19,True,32.29166666666667,29.166666666666668,14.531250000000002,16.041666666666668,30.57291666666667,-0.26251653813651227,P/E above 30; 1Y return below 10%,False
Canara Bank,Financial Services,CANBK,EQ,INE476A01022,CANBK.NS,133.74000549316406,0.31711120448078245,0.290453867106958,-0.22324293713589782,250,2025-06-19,2026-06-19,,6.1546254,1213108977664,121310.8977664,Financial Services,Banks - Regional,INR,,2026-06-19,True,95.83333333333334,85.41666666666666,43.12500000000001,46.979166666666664,90.10416666666667,1.0917782146932409,Passed all filters,True
CG Power and Industrial Solutions Ltd.,Capital Goods,CGPOWER,EQ,INE067A01029,CGPOWER.NS,963.7000122070312,0.4486680942388479,0.31427387607303064,-0.33015652057888845,250,2025-06-19,2026-06-19,,124.993515,1517807468544,151780.7468544,Industrials,Electrical Equipment & Parts,INR,,2026-06-19,True,3.125,92.70833333333334,1.40625,50.98958333333334,52.39583333333334,1.4276340746011829,P/E above 30,False
Cholamandalam Investment and Finance Company Ltd.,Financial Services,CHOLAFIN,EQ,INE121A01024,CHOLAFIN.NS,1693.4000244140625,0.09779146783588577,0.3243616864993147,-0.24907881460342074,250,2025-06-19,2026-06-19,,27.383572,1443604070400,144360.40704,Financial Services,Credit Services,INR,,2026-06-19,True,57.291666666666664,55.208333333333336,25.78125,30.364583333333336,56.145833333333336,0.30148896095375427,1Y return below 10%,False
Cipla Ltd.,Healthcare,CIPLA,EQ,INE059A01026,CIPLA.NS,1351.800048828125,-0.07071566068251289,0.20949899246918427,-0.28324111920220096,250,2025-06-19,2026-06-19,,28.12734,1092045307904,109204.5307904,Healthcare,Drug Manufacturers - Specialty & Generic,INR,,2026-06-19,True,56.25,26.041666666666668,25.3125,14.322916666666668,39.63541666666667,-0.33754654305993687,1Y return below 10%,False
Coal India Ltd.,Oil Gas & Consumable Fuels,COALINDIA,EQ,INE522F01014,COALINDIA.NS,451.29998779296875,0.2570686211889561,0.220628425223922,-0.10268780399439048,250,2025-06-19,2026-06-19,,8.943718,2781239312384,278123.9312384,Energy,Thermal Coal,INR,,2026-06-19,True,90.625,78.125,40.78125,42.96875,83.75,1.1651654628276022,Passed all filters,True
Cummins India Ltd.,Capital Goods,CUMMINSIND,EQ,INE298A01020,CUMMINSIND.NS,5865.0,0.8371008252601364,0.27289656122781175,-0.1460589275714278,250,2025-06-19,2026-06-19,,68.77345,1625778028544,162577.8028544,Industrials,Specialty Industrial Machinery,INR,,2026-06-19,True,19.791666666666664,98.95833333333334,8.90625,54.42708333333334,63.33333333333334,3.0674656415378267,P/E above 30,False
Divi's Laboratories Ltd.,Healthcare,DIVISLAB,EQ,INE361B01024,DIVISLAB.NS,6743.0,0.04323171284004723,0.22158213010083394,-0.18158425215875396,249,2025-06-19,2026-06-19,,69.75998,1790054629376,179005.4629376,Healthcare,Drug Manufacturers - Specialty & Generic,INR,,2026-06-19,True,17.708333333333336,44.79166666666667,7.968750000000001,24.63541666666667,32.60416666666667,0.19510469016781298,P/E above 30; 1Y return below 10%,False
DLF Ltd.,Realty,DLF,EQ,INE271C01023,DLF.NS,624.5,-0.25102056950442864,0.2773093156339625,-0.40564498678003624,250,2025-06-19,2026-06-19,,35.06457,1545832103936,154583.2103936,Real Estate,Real Estate - Development,INR,,2026-06-19,True,45.83333333333333,10.416666666666668,20.625,5.729166666666668,26.354166666666668,-0.9052006382496217,P/E above 30; 1Y return below 10%,False
Avenue Supermarts Ltd.,Consumer Services,DMART,EQ,INE192R01011,DMART.NS,4286.89990234375,0.019937618124828527,0.24608995481552537,-0.24496299747452233,250,2025-06-19,2026-06-19,,93.62087,2796045467648,279604.5467648,Consumer Defensive,Discount Stores,INR,,2026-06-19,True,9.375,39.58333333333333,4.21875,21.770833333333332,25.989583333333332,0.08101760244449725,P/E above 30; 1Y return below 10%,False
Dr. Reddy's Laboratories Ltd.,Healthcare,DRREDDY,EQ,INE089A01031,DRREDDY.NS,1272.0999755859375,-0.03463703576895416,0.22683595853478206,-0.13197744114983034,250,2025-06-19,2026-06-19,,24.720171,1059282092032,105928.2092032,Healthcare,Drug Manufacturers - Specialty & Generic,INR,,2026-06-19,True,61.458333333333336,31.25,27.65625,17.1875,44.84375,-0.15269640665742626,1Y return below 10%,False
Eicher Motors Ltd.,Automobile and Auto Components,EICHERMOT,EQ,INE066A01021,EICHERMOT.NS,7611.0,0.4034200880857841,0.2610316516651589,-0.19584859584859582,250,2025-06-19,2026-06-19,,37.988518,2089200779264,208920.0779264,Consumer Cyclical,Auto Manufacturers,INR,,2026-06-19,True,43.75,89.58333333333334,19.6875,49.27083333333334,68.95833333333334,1.5454834136485314,P/E above 30,False
Siemens Energy India Ltd.,Capital Goods,ENRIN,EQ,INE1NPP01017,ENRIN.NS,3833.89990234375,0.40405482515001556,0.3595216662607569,-0.4106751967601665,250,2025-06-19,2026-06-19,,104.153755,1365330362368,136533.0362368,Utilities,Utilities - Renewable,INR,,2026-06-19,True,4.166666666666666,90.625,1.8749999999999998,49.84375000000001,51.71875000000001,1.123867802884957,P/E above 30,False
Eternal Ltd.,Consumer Services,ETERNAL,EQ,INE758T01015,ETERNAL.NS,264.29998779296875,0.0596583663429604,0.3401418769319812,-0.39133628062426207,250,2025-06-19,2026-06-19,,695.5263,2429945380864,242994.5380864,Consumer Cyclical,Internet Retail,INR,,2026-06-19,True,1.0416666666666665,50.0,0.46874999999999994,27.500000000000004,27.968750000000004,0.1753925946462934,P/E above 30; 1Y return below 10%,False
GAIL (India) Ltd.,Oil Gas & Consumable Fuels,GAIL,EQ,INE129A01019,GAIL.NS,173.89999389648438,-0.0003066611252463547,0.24696870589108239,-0.2739482770089847,250,2025-06-19,2026-06-19,,15.082394,1143406329856,114340.6329856,Utilities,Utilities - Regulated Gas,INR,,2026-06-19,True,81.25,35.41666666666667,36.5625,19.47916666666667,56.04166666666667,-0.0012417003366475012,1Y return below 10%,False
Godrej Consumer Products Ltd.,Fast Moving Consumer Goods,GODREJCP,EQ,INE102D01028,GODREJCP.NS,1000.5999755859375,-0.1468904944485382,0.24247303517829957,-0.22896146862305067,250,2025-06-19,2026-06-19,,54.947834,1023858507776,102385.8507776,Consumer Defensive,Household & Personal Products,INR,,2026-06-19,True,27.083333333333332,17.708333333333336,12.1875,9.739583333333336,21.927083333333336,-0.6058013598935819,P/E above 30; 1Y return below 10%,False
Grasim Industries Ltd.,Construction Materials,GRASIM,EQ,INE047A01021,GRASIM.NS,3149.5,0.1736808255718605,0.21485244171560244,-0.14452288524433243,250,2025-06-19,2026-06-19,,43.0436,2135905271808,213590.5271808,Basic Materials,Building Materials,INR,,2026-06-19,True,35.41666666666667,65.625,15.937500000000002,36.09375,52.03125,0.8083725936973976,P/E above 30,False
Hindustan Aeronautics Ltd.,Capital Goods,HAL,EQ,INE066F01020,HAL.NS,4408.10009765625,-0.09028506948377202,0.2709880205306799,-0.29835403964998386,250,2025-06-19,2026-06-19,,32.367283,2948027121664,294802.7121664,Industrials,Aerospace & Defense,INR,,2026-06-19,True,50.0,22.916666666666664,22.5,12.604166666666666,35.104166666666664,-0.33316996562049284,P/E above 30; 1Y return below 10%,False
HCL Technologies Ltd.,Information Technology,HCLTECH,EQ,INE860A01027,HCLTECH.NS,1131.699951171875,-0.3114128539580878,0.25649128065584303,-0.34618226063293955,250,2025-06-19,2026-06-19,,18.45865,3062116122624,306211.6122624,Technology,Information Technology Services,INR,,2026-06-19,True,71.875,5.208333333333334,32.34375,2.864583333333334,35.208333333333336,-1.2141264730785835,1Y return below 10%,False
HDFC Asset Management Company Ltd.,Financial Services,HDFCAMC,EQ,INE127D01025,HDFCAMC.NS,2719.0,0.13930101266322614,0.302518726418379,-0.24765783876039527,250,2025-06-19,2026-06-19,,40.90567,1165508214784,116550.8214784,Financial Services,Asset Management,INR,,2026-06-19,True,38.54166666666667,61.458333333333336,17.343750000000004,33.802083333333336,51.14583333333334,0.4604707097390555,P/E above 30,False
HDFC Bank Ltd.,Financial Services,HDFCBANK,EQ,INE040A01034,HDFCBANK.NS,779.7999877929688,-0.16972842980735214,0.19655747394982254,-0.2777668608718886,250,2025-06-19,2026-06-19,,17.398483,12007002603520,1200700.260352,Financial Services,Banks - Regional,INR,,2026-06-19,True,75.0,16.666666666666664,33.75,9.166666666666666,42.916666666666664,-0.8635053472994909,1Y return below 10%,False
HDFC Life Insurance Company Ltd.,Financial Services,HDFCLIFE,EQ,INE795G01014,HDFCLIFE.NS,591.8499755859375,-0.21821722597630433,0.21633126476782494,-0.330406498096262,250,2025-06-19,2026-06-19,,66.8757,1285459804160,128545.980416,Financial Services,Insurance - Life,INR,,2026-06-19,True,20.833333333333336,12.5,9.375000000000002,6.875000000000001,16.250000000000004,-1.0087179317816288,P/E above 30; 1Y return below 10%,False
Hindalco Industries Ltd.,Metals & Mining,HINDALCO,EQ,INE038A01020,HINDALCO.NS,1010.0,0.5863521016732303,0.2749805653562046,-0.17948346278432115,250,2025-06-19,2026-06-19,,16.771835,2258514739200,225851.47392,Basic Materials,Aluminum,INR,,2026-06-19,True,77.08333333333334,95.83333333333334,34.68750000000001,52.70833333333334,87.39583333333334,2.1323401561622397,Passed all filters,True
Hindustan Unilever Ltd.,Fast Moving Consumer Goods,HINDUNILVR,EQ,INE030A01027,HINDUNILVR.NS,2194.60009765625,-0.025755309119092074,0.2062222987145281,-0.2318457099180946,250,2025-06-19,2026-06-19,,48.424538,5156413374464,515641.3374464,Consumer Defensive,Household & Personal Products,INR,,2026-06-19,True,33.33333333333333,33.33333333333333,14.999999999999998,18.333333333333332,33.33333333333333,-0.1248910000501204,P/E above 30; 1Y return below 10%,False
Hindustan Zinc Ltd.,Metals & Mining,HINDZINC,EQ,INE267A01025,HINDZINC.NS,563.5499877929688,0.31179920607560097,0.3638575303247108,-0.3294141964433981,250,2025-06-19,2026-06-19,,17.21815,2381178470400,238117.84704,Basic Materials,Other Industrial Metals & Mining,INR,,2026-06-19,True,76.04166666666666,84.375,34.21875,46.40625000000001,80.625,0.8569266267413722,Passed all filters,True
Hyundai Motor India Ltd.,Automobile and Auto Components,HYUNDAI,EQ,INE0V6F01027,HYUNDAI.NS,1973.199951171875,0.04418832561249553,0.3024306962604235,-0.39792831131739903,250,2025-06-19,2026-06-19,,29.477142,1603306127360,160330.612736,Consumer Cyclical,Auto Manufacturers,INR,,2026-06-19,True,53.125,45.83333333333333,23.90625,25.208333333333332,49.11458333333333,0.14611058387553655,1Y return below 10%,False
ICICI Bank Ltd.,Financial Services,ICICIBANK,EQ,INE090A01021,ICICIBANK.NS,1346.5,-0.03855338409958475,0.1837329202458534,-0.18365924078670637,250,2025-06-19,2026-06-19,,18.02061,9656754765824,965675.4765824,Financial Services,Banks - Regional,INR,,2026-06-19,True,72.91666666666666,30.208333333333332,32.8125,16.614583333333336,49.427083333333336,-0.20983383951006926,1Y return below 10%,False
Indian Hotels Co. Ltd.,Consumer Services,INDHOTEL,EQ,INE053A01029,INDHOTEL.NS,724.75,-0.02732345090644428,0.24608954932685678,-0.2923276885899736,250,2025-06-19,2026-06-19,,49.47099,1031632453632,103163.2453632,Consumer Cyclical,Lodging,INR,,2026-06-19,True,31.25,32.29166666666667,14.0625,17.76041666666667,31.82291666666667,-0.11103052113014844,P/E above 30; 1Y return below 10%,False
InterGlobe Aviation Ltd.,Services,INDIGO,EQ,INE646L01027,INDIGO.NS,5021.5,-0.045724536309307506,0.32489049193312175,-0.35935342376736257,249,2025-06-19,2026-06-19,,,1941600600064,194160.0600064,Industrials,Airlines,INR,,2026-06-19,False,,,,,,-0.14073830242689847,Missing trailing P/E; 1Y return below 10%,False
Infosys Ltd.,Information Technology,INFY,EQ,INE009A01021,INFY.NS,1051.4000244140625,-0.32612723739338745,0.27600559029331995,-0.36433207504614884,250,2025-06-19,2026-06-19,,13.825115,4256703447040,425670.344704,Technology,Information Technology Services,INR,,2026-06-19,True,85.41666666666666,4.166666666666666,38.4375,2.2916666666666665,40.729166666666664,-1.1815964924724953,1Y return below 10%,False
Indian Oil Corporation Ltd.,Oil Gas & Consumable Fuels,IOC,EQ,INE242A01010,IOC.NS,143.42999267578125,0.10281639824132771,0.2583808094254801,-0.288036217735986,250,2025-06-19,2026-06-19,,4.6918545,2025409085440,202540.908544,Energy,Oil & Gas Refining & Marketing,INR,,2026-06-19,True,100.0,56.25,45.0,30.937500000000004,75.9375,0.397925830753236,Passed all filters,True
Indian Railway Finance Corporation Ltd.,Financial Services,IRFC,EQ,INE053F01010,IRFC.NS,99.51000213623047,-0.23371393710343902,0.2811349725822195,-0.37268896894030434,250,2025-06-19,2026-06-19,,18.565298,1300447100928,130044.7100928,Financial Services,Credit Services,INR,,2026-06-19,True,70.83333333333334,11.458333333333332,31.875000000000004,6.302083333333333,38.177083333333336,-0.8313228872124334,1Y return below 10%,False
ITC Ltd.,Fast Moving Consumer Goods,ITC,EQ,INE154A01025,ITC.NS,292.5,-0.26258227305838355,0.19135462738462058,-0.3158035656136102,250,2025-06-19,2026-06-19,,17.716536,3664869588992,366486.9588992,Consumer Defensive,Tobacco,INR,,2026-06-19,True,73.95833333333334,9.375,33.28125000000001,5.15625,38.43750000000001,-1.3722284987161362,1Y return below 10%,False
Jindal Steel Ltd.,Metals & Mining,JINDALSTEL,EQ,INE749A01030,JINDALSTEL.NS,1137.699951171875,0.28453091348175175,0.2773361139990497,-0.13012109473046118,250,2025-06-19,2026-06-19,,34.299065,1157596184576,115759.6184576,Basic Materials,Steel,INR,,2026-06-19,True,48.95833333333333,81.25,22.03125,44.68750000000001,66.71875,1.0259425264851252,P/E above 30,False
Jio Financial Services Ltd.,Financial Services,JIOFIN,EQ,INE758E01017,JIOFIN.NS,244.4499969482422,-0.13822184112892077,0.2696810737801595,-0.32779434649676864,250,2025-06-19,2026-06-19,,101.01239,1614137917440,161413.791744,Financial Services,Asset Management,INR,,2026-06-19,True,5.208333333333334,20.833333333333336,2.3437500000000004,11.458333333333336,13.802083333333336,-0.512538159209487,P/E above 30; 1Y return below 10%,False
JSW Steel Ltd.,Metals & Mining,JSWSTEEL,EQ,INE019A01038,JSWSTEEL.NS,1287.699951171875,0.29628785823266646,0.2312149897788631,-0.13353115981574115,250,2025-06-19,2026-06-19,,14.113327,3143052558336,314305.2558336,Basic Materials,Steel,INR,,2026-06-19,True,84.375,82.29166666666666,37.96875,45.260416666666664,83.22916666666666,1.2814387964899674,Passed all filters,True
Kotak Mahindra Bank Ltd.,Financial Services,KOTAKBANK,EQ,INE237A01036,KOTAKBANK.NS,399.25,-0.06888207408048486,0.21213222295925013,-0.20646064942269005,250,2025-06-19,2026-06-19,,20.61177,3971126132736,397112.6132736,Financial Services,Banks - Regional,INR,,2026-06-19,True,67.70833333333334,27.083333333333332,30.468750000000004,14.895833333333334,45.364583333333336,-0.324712922532834,1Y return below 10%,False
Lodha Developers Ltd.,Realty,LODHA,EQ,INE670K01029,LODHA.NS,918.1500244140625,-0.3537418093065833,0.34342667084556194,-0.5420499064651163,250,2025-06-19,2026-06-19,,26.815128,917153972224,91715.3972224,Real Estate,Real Estate - Development,INR,,2026-06-19,True,58.333333333333336,3.125,26.25,1.7187500000000002,27.96875,-1.030035927132928,1Y return below 10%,False
Larsen & Toubro Ltd.,Construction,LT,EQ,INE018A01030,LT.NS,4209.39990234375,0.1738185599975164,0.25062590493115855,-0.2434757106160581,250,2025-06-19,2026-06-19,,36.039383,5790737891328,579073.7891328,Industrials,Engineering & Construction,INR,,2026-06-19,True,44.79166666666667,66.66666666666666,20.156250000000004,36.666666666666664,56.82291666666667,0.6935378848617446,P/E above 30,False
LTM Ltd.,Information Technology,LTM,EQ,INE214T01019,LTM.NS,3832.5,-0.2736340590644296,0.2966521437976667,-0.3950118527829828,250,2025-06-19,2026-06-19,,22.666784,1136187670528,113618.7670528,Technology,Information Technology Services,INR,,2026-06-19,True,63.541666666666664,7.291666666666667,28.59375,4.010416666666667,32.604166666666664,-0.9224071518966109,1Y return below 10%,False
Mahindra & Mahindra Ltd.,Automobile and Auto Components,M&M,EQ,INE101A01026,M&M.NS,3074.800048828125,0.0015197288010515564,0.272321709025129,-0.22914470520326968,250,2025-06-19,2026-06-19,,20.203693,3692103729152,369210.3729152,Consumer Cyclical,Auto Manufacturers,INR,,2026-06-19,True,68.75,36.45833333333333,30.9375,20.052083333333332,50.98958333333333,0.005580637718865523,1Y return below 10%,False
Maruti Suzuki India Ltd.,Automobile and Auto Components,MARUTI,EQ,INE585B01010,MARUTI.NS,13395.0,0.05731525785263836,0.23239465381742633,-0.2883414295628036,250,2025-06-19,2026-06-19,,28.691687,4211422265344,421142.2265344,Consumer Cyclical,Auto Manufacturers,INR,,2026-06-19,True,55.208333333333336,48.95833333333333,24.84375,26.927083333333332,51.77083333333333,0.24662898612833975,1Y return below 10%,False
Max Healthcare Institute Ltd.,Healthcare,MAXHEALTH,EQ,INE027H01010,MAXHEALTH.NS,1094.75,-0.05759824049540185,0.26314612201728454,-0.28332951912524074,250,2025-06-19,2026-06-19,,74.22034,1065458597888,106545.8597888,Healthcare,Medical Care Facilities,INR,,2026-06-19,True,14.583333333333334,28.125,6.5625,15.468750000000002,22.03125,-0.21888310591032978,P/E above 30; 1Y return below 10%,False
Mazagoan Dock Shipbuilders Ltd.,Capital Goods,MAZDOCK,EQ,INE249Z01020,MAZDOCK.NS,2518.699951171875,-0.21378154752033873,0.3430732081109575,-0.37831248035421605,250,2025-06-19,2026-06-19,,39.262665,1015993204736,101599.3204736,Industrials,Aerospace & Defense,INR,,2026-06-19,True,41.66666666666667,13.541666666666666,18.750000000000004,7.447916666666667,26.19791666666667,-0.6231368188074804,P/E above 30; 1Y return below 10%,False
Samvardhana Motherson International Ltd.,Automobile and Auto Components,MOTHERSON,EQ,INE775A01035,MOTHERSON.NS,145.5399932861328,0.4857112905602492,0.34524702688592046,-0.2210027984531191,250,2025-06-19,2026-06-19,,39.765026,1532715204608,153271.5204608,Consumer Cyclical,Auto Parts,INR,,2026-06-19,True,40.625,93.75,18.28125,51.56250000000001,69.84375,1.4068514794791909,P/E above 30,False
Muthoot Finance Ltd.,Financial Services,MUTHOOTFIN,EQ,INE414G01012,MUTHOOTFIN.NS,3126.10009765625,0.1954543905584869,0.35652007409222,-0.28771994071152307,250,2025-06-19,2026-06-19,,11.850266,1255030652928,125503.0652928,Financial Services,Credit Services,INR,,2026-06-19,True,88.54166666666666,68.75,39.84375,37.8125,77.65625,0.5482282899670028,Passed all filters,True
Nestle India Ltd.,Fast Moving Consumer Goods,NESTLEIND,EQ,INE239A01024,NESTLEIND.NS,1414.800048828125,0.23198017613957478,0.2054599588826711,-0.11955890374770439,250,2025-06-19,2026-06-19,,78.208954,2728179269632,272817.9269632,Consumer Defensive,Packaged Foods,INR,,2026-06-19,True,12.5,72.91666666666666,5.625,40.104166666666664,45.729166666666664,1.1290773024638254,P/E above 30,False
NTPC Ltd.,Power,NTPC,EQ,INE733E01010,NTPC.NS,365.79998779296875,0.13756674816366044,0.1866176857666172,-0.15138957643953765,250,2025-06-19,2026-06-19,,12.017082,3547040579584,354704.0579584,Utilities,Utilities - Regulated Electric,INR,,2026-06-19,True,87.5,60.416666666666664,39.375,33.22916666666667,72.60416666666667,0.7371581508930535,Passed all filters,True
Oil & Natural Gas Corporation Ltd.,Oil Gas & Consumable Fuels,ONGC,EQ,INE213A01029,ONGC.NS,246.25,0.03187386543038029,0.2293886276006892,-0.19160584329618202,250,2025-06-19,2026-06-19,,7.4757137,3097893797888,309789.3797888,Energy,Oil & Gas Integrated,INR,,2026-06-19,True,91.66666666666666,42.70833333333333,41.25,23.489583333333332,64.73958333333333,0.13895137594120435,1Y return below 10%,False
Power Finance Corporation Ltd.,Financial Services,PFC,EQ,INE134E01011,PFC.NS,431.0,0.14551764463601913,0.2709197796781873,-0.20755977314362273,250,2025-06-19,2026-06-19,,5.4911456,1422343798784,142234.3798784,Financial Services,Credit Services,INR,,2026-06-19,True,97.91666666666666,64.58333333333334,44.0625,35.52083333333334,79.58333333333334,0.5371244757723951,Passed all filters,True
Pidilite Industries Ltd.,Chemicals,PIDILITIND,EQ,INE318A01026,PIDILITIND.NS,1579.9000244140625,0.07218168503266442,0.20549977491772056,-0.1854173485219459,250,2025-06-19,2026-06-19,,65.719635,1607983300608,160798.3300608,Basic Materials,Specialty Chemicals,INR,,2026-06-19,True,21.875,53.125,9.84375,29.218750000000004,39.0625,0.35124946030507836,P/E above 30; 1Y return below 10%,False
Punjab National Bank,Financial Services,PNB,EQ,INE160A01022,PNB.NS,108.7699966430664,0.1184335952898814,0.27595281924425036,-0.24833792805470667,250,2025-06-19,2026-06-19,,6.798125,1250087403520,125008.740352,Financial Services,Banks - Regional,INR,,2026-06-19,True,94.79166666666666,58.333333333333336,42.65625,32.083333333333336,74.73958333333334,0.42918059548815074,Passed all filters,True
Power Grid Corporation of India Ltd.,Power,POWERGRID,EQ,INE752E01010,POWERGRID.NS,292.25,0.05359286855734613,0.1980652064856126,-0.1349093983305144,250,2025-06-19,2026-06-19,,14.539801,2718101405696,271810.1405696,Utilities,Utilities - Regulated Electric,INR,,2026-06-19,True,82.29166666666666,47.91666666666667,37.03125,26.35416666666667,63.38541666666667,0.27058194373598426,1Y return below 10%,False
REC Ltd.,Financial Services,RECLTD,EQ,INE020B01018,RECLTD.NS,355.3500061035156,-0.02371665510883436,0.26261718708974696,-0.205764641393117,250,2025-06-19,2026-06-19,,5.74721,935716126720,93571.612672,Financial Services,Credit Services,INR,,2026-06-19,True,96.875,34.375,43.59375,18.90625,62.5,-0.09030884601139763,1Y return below 10%,False
Reliance Industries Ltd.,Oil Gas & Consumable Fuels,RELIANCE,EQ,INE002A01018,RELIANCE.NS,1309.5,-0.07848415561362398,0.203078829077778,-0.20579025605878087,250,2025-06-19,2026-06-19,,21.949379,17720772919296,1772077.2919296,Energy,Oil & Gas Refining & Marketing,INR,,2026-06-19,True,65.625,25.0,29.53125,13.750000000000002,43.28125,-0.38647138143368465,1Y return below 10%,False
SBI Life Insurance Company Ltd.,Financial Services,SBILIFE,EQ,INE123W01016,SBILIFE.NS,1800.199951171875,0.007434001055852013,0.19593805180082566,-0.19019178166648065,250,2025-06-19,2026-06-19,,73.26821,1805909360640,180590.936064,Financial Services,Insurance - Life,INR,,2026-06-19,True,15.625,38.54166666666667,7.03125,21.19791666666667,28.22916666666667,0.03794056839663181,P/E above 30; 1Y return below 10%,False
State Bank of India,Financial Services,SBIN,EQ,INE062A01020,SBIN.NS,1035.0999755859375,0.3421956301084459,0.22337084698613444,-0.2211005228820222,250,2025-06-19,2026-06-19,,11.353516,9554611929088,955461.1929088,Financial Services,Banks - Regional,INR,,2026-06-19,True,89.58333333333334,86.45833333333334,40.31250000000001,47.55208333333334,87.86458333333334,1.5319619132289337,Passed all filters,True
Shree Cement Ltd.,Construction Materials,SHREECEM,EQ,INE070A01015,SHREECEM.NS,25075.0,-0.14039040245455825,0.21062231925120886,-0.2954274359655372,250,2025-06-19,2026-06-19,,51.971066,904724742144,90472.4742144,Basic Materials,Building Materials,INR,,2026-06-19,True,29.166666666666668,18.75,13.125,10.3125,23.4375,-0.6665504536920176,P/E above 30; 1Y return below 10%,False
Shriram Finance Ltd.,Financial Services,SHRIRAMFIN,EQ,INE721A01047,SHRIRAMFIN.NS,1001.9000244140625,0.5524795403448548,0.35407338712594755,-0.21048343756903476,250,2025-06-19,2026-06-19,,18.832706,2357385756672,235738.5756672,Financial Services,Credit Services,INR,,2026-06-19,True,69.79166666666666,94.79166666666666,31.406249999999996,52.135416666666664,83.54166666666666,1.5603531935268893,Passed all filters,True
Siemens Ltd.,Capital Goods,SIEMENS,EQ,INE003A01024,SIEMENS.NS,3759.60009765625,0.14454458163976014,0.30155245372039974,-0.15283268471189593,249,2025-06-19,2026-06-19,,79.51777,1338870726656,133887.0726656,Industrials,Specialty Industrial Machinery,INR,,2026-06-19,True,11.458333333333332,63.541666666666664,5.15625,34.94791666666667,40.10416666666667,0.47933478854654676,P/E above 30,False
Solar Industries India Ltd.,Chemicals,SOLARINDS,EQ,INE343H01029,SOLARINDS.NS,18052.0,0.06994467618068279,0.3155397927599819,-0.3306599401695942,249,2025-06-19,2026-06-19,,97.652275,1633526480896,163352.6480896,Basic Materials,Specialty Chemicals,INR,,2026-06-19,True,8.333333333333332,52.083333333333336,3.7499999999999996,28.645833333333336,32.395833333333336,0.22166673676523208,P/E above 30; 1Y return below 10%,False
Sun Pharmaceutical Industries Ltd.,Healthcare,SUNPHARMA,EQ,INE044A01036,SUNPHARMA.NS,1838.300048828125,0.12668854351751846,0.1959260288722595,-0.13228863340450492,250,2025-06-19,2026-06-19,,38.522633,4410697580544,441069.7580544,Healthcare,Drug Manufacturers - Specialty & Generic,INR,,2026-06-19,True,42.70833333333333,59.375,19.21875,32.65625,51.875,0.6466141545701275,P/E above 30,False
Tata Capital Ltd.,Financial Services,TATACAP,EQ,INE976I01016,TATACAP.NS,,,,,171,,,Fewer than 200 observations,31.163975,1546682892288,154668.2892288,Financial Services,Credit Services,INR,,2026-06-19,False,,,,,,,P/E above 30; Missing 1Y return,False
Tata Consumer Products Ltd.,Fast Moving Consumer Goods,TATACONSUM,EQ,INE192A01025,TATACONSUM.NS,1111.5,0.029959681232430313,0.21962305075774627,-0.16312051985585363,250,2025-06-19,2026-06-19,,71.11324,1099990695936,109999.0695936,Consumer Defensive,Packaged Foods,INR,,2026-06-19,True,16.666666666666664,41.66666666666667,7.499999999999999,22.91666666666667,30.41666666666667,0.13641410193084486,P/E above 30; 1Y return below 10%,False
Tata Power Co. Ltd.,Power,TATAPOWER,EQ,INE245A01021,TATAPOWER.NS,402.3500061035156,0.052445772824363246,0.20800853259357746,-0.1674704850800912,250,2025-06-19,2026-06-19,,34.359524,1285644877824,128564.4877824,Utilities,Utilities - Independent Power Producers,INR,,2026-06-19,True,47.91666666666667,46.875,21.562500000000004,25.781250000000004,47.34375000000001,0.25213279556582274,P/E above 30; 1Y return below 10%,False
Tata Steel Ltd.,Metals & Mining,TATASTEEL,EQ,INE081A01020,TATASTEEL.NS,198.9600067138672,0.3447888392486038,0.26947644029137874,-0.1485245743852014,250,2025-06-19,2026-06-19,,23.027777,2481399005184,248139.9005184,Basic Materials,Steel,INR,,2026-06-19,True,62.5,87.5,28.125,48.12500000000001,76.25,1.2794767471167108,Passed all filters,True
Tata Consultancy Services Ltd.,Information Technology,TCS,EQ,INE467B01029,TCS.NS,2125.0,-0.3549602953013111,0.24705125062739777,-0.362040438603062,250,2025-06-19,2026-06-19,,15.611226,7688435531776,768843.5531776,Technology,Information Technology Services,INR,,2026-06-19,True,80.20833333333334,2.083333333333333,36.09375000000001,1.1458333333333333,37.23958333333334,-1.436788093158296,1Y return below 10%,False
Tech Mahindra Ltd.,Information Technology,TECHM,EQ,INE669C01036,TECHM.NS,1409.5999755859375,-0.13872660090053213,0.2639702591119383,-0.24694643022688412,250,2025-06-19,2026-06-19,,25.98341,1248655179776,124865.5179776,Technology,Information Technology Services,INR,,2026-06-19,True,60.416666666666664,19.791666666666664,27.1875,10.885416666666666,38.072916666666664,-0.5255387533703342,1Y return below 10%,False
Titan Company Ltd.,Consumer Durables,TITAN,EQ,INE280A01028,TITAN.NS,4419.89990234375,0.2646778349228158,0.2360519418263507,-0.1127204874941602,250,2025-06-19,2026-06-19,,77.19001,3920651091968,392065.1091968,Consumer Cyclical,Luxury Goods,INR,,2026-06-19,True,13.541666666666666,80.20833333333334,6.09375,44.11458333333334,50.20833333333334,1.1212694666901892,P/E above 30,False
Tata Motors Ltd.,Capital Goods,TMCV,EQ,INE1TAE01010,TMCV.NS,,,,,151,,,Fewer than 200 observations,48.917274,1480728772608,148072.8772608,Consumer Cyclical,Auto Manufacturers,INR,,2026-06-19,False,,,,,,,P/E above 30; Missing 1Y return,False
Tata Motors Passenger Vehicles Ltd.,Automobile and Auto Components,TMPV,EQ,INE155A01022,TMPV.NS,359.5,-0.46083269820736117,0.5056327204470341,-0.5883252126259644,250,2025-06-19,2026-06-19,,,1323835588608,132383.5588608,Consumer Cyclical,Auto Manufacturers,INR,,2026-06-19,False,,,,,,-0.9113980950440373,Missing trailing P/E; 1Y return below 10%,False
Torrent Pharmaceuticals Ltd.,Healthcare,TORNTPHARM,EQ,INE685A01028,TORNTPHARM.NS,4429.7998046875,0.41514809620454485,0.20472397413309107,-0.10319390176386978,250,2025-06-19,2026-06-19,,69.35651,1499245576192,149924.5576192,Healthcare,Drug Manufacturers - Specialty & Generic,INR,,2026-06-19,True,18.75,91.66666666666666,8.4375,50.416666666666664,58.854166666666664,2.027843089518461,P/E above 30,False
Trent Ltd.,Consumer Services,TRENT,EQ,INE849A01020,TRENT.NS,3205.800048828125,-0.43906047726194664,0.47231603474566874,-0.6468943471909394,250,2025-06-19,2026-06-19,,99.651855,1709436043264,170943.6043264,Consumer Cyclical,Apparel Retail,INR,,2026-06-19,True,6.25,1.0416666666666665,2.8125,0.5729166666666666,3.3854166666666665,-0.9295904541931771,P/E above 30; 1Y return below 10%,False
TVS Motor Company Ltd.,Automobile and Auto Components,TVSMOTOR,EQ,INE494B01023,TVSMOTOR.NS,3442.89990234375,0.24282666229539407,0.26305988281502096,-0.1667400764647361,250,2025-06-19,2026-06-19,,54.167713,1636156440576,163615.6440576,Consumer Cyclical,Auto Manufacturers,INR,,2026-06-19,True,28.125,75.0,12.65625,41.25,53.90625,0.923085115437938,P/E above 30,False
UltraTech Cement Ltd.,Construction Materials,ULTRACEMCO,EQ,INE481G01011,ULTRACEMCO.NS,11367.0,0.0016682698786669725,0.22508552500817675,-0.20609868219429972,250,2025-06-19,2026-06-19,,40.897316,3343826288640,334382.628864,Basic Materials,Building Materials,INR,,2026-06-19,True,39.58333333333333,37.5,17.8125,20.625,38.4375,0.007411715518385151,P/E above 30; 1Y return below 10%,False
Union Bank of India,Financial Services,UNIONBANK,EQ,INE692A01016,UNIONBANK.NS,175.75999450683594,0.3009302663355671,0.3218017318033177,-0.21446583263220254,250,2025-06-19,2026-06-19,,6.90609,1341682483200,134168.24832,Financial Services,Banks - Regional,INR,,2026-06-19,True,93.75,83.33333333333334,42.1875,45.83333333333334,88.02083333333334,0.9351418485202339,Passed all filters,True
United Spirits Ltd.,Fast Moving Consumer Goods,UNITDSPR,EQ,INE854D01024,UNITDSPR.NS,1320.5,-0.08650319399812434,0.2291776068021302,-0.16114369462044986,250,2025-06-19,2026-06-19,,54.95214,960533299200,96053.32992,Consumer Defensive,Beverages - Wineries & Distilleries,INR,,2026-06-19,True,26.041666666666668,23.958333333333336,11.71875,13.177083333333336,24.895833333333336,-0.3774504638789181,P/E above 30; 1Y return below 10%,False
Vedanta Aluminium Metal Ltd.,Metals & Mining,VAML,BE,INE1CDF01017,VAML.NS,,,,,5,,,Fewer than 200 observations,inf,1787205255168,178720.5255168,Basic Materials,Aluminum,INR,,2026-06-19,False,,,,,,,P/E above 30; Missing 1Y return,False
Varun Beverages Ltd.,Fast Moving Consumer Goods,VBL,EQ,INE200M01039,VBL.NS,529.5,0.1839445986736501,0.28831371716111553,-0.2679562988781816,250,2025-06-19,2026-06-19,,56.269928,1790925733888,179092.5733888,Consumer Defensive,Beverages - Non-Alcoholic,INR,,2026-06-19,True,25.0,67.70833333333334,11.25,37.23958333333334,48.48958333333334,0.6380015508275596,P/E above 30,False
Vedanta Ltd.,Metals & Mining,VEDL,EQ,INE205A01025,VEDL.NS,300.79998779296875,-0.26711584253935683,0.7360736703832903,-0.6551746186755952,250,2025-06-19,2026-06-19,,16.767,1174564372480,117456.437248,Basic Materials,Other Industrial Metals & Mining,INR,,2026-06-19,True,78.125,8.333333333333332,35.15625,4.583333333333333,39.739583333333336,-0.36289280990075834,1Y return below 10%,False
Vedanta Oil and Gas Ltd.,Oil Gas & Consumable Fuels,VOGL,BE,INE704J01044,VOGL.NS,,,,,5,,,Fewer than 200 observations,,128329588736,12832.9588736,Basic Materials,Other Industrial Metals & Mining,INR,,2026-06-19,False,,,,,,,Missing trailing P/E; Missing 1Y return,False
Wipro Ltd.,Information Technology,WIPRO,EQ,INE075A01022,WIPRO.NS,180.8000030517578,-0.2879136460808086,0.24898246028002846,-0.3327126660781464,250,2025-06-19,2026-06-19,,14.383453,1896792195072,189679.2195072,Technology,Information Technology Services,INR,,2026-06-19,True,83.33333333333334,6.25,37.50000000000001,3.4375000000000004,40.93750000000001,-1.1563611579586552,1Y return below 10%,False
Zydus Lifesciences Ltd.,Healthcare,ZYDUSLIFE,EQ,INE010B01027,ZYDUSLIFE.NS,1070.800048828125,0.14000993805512896,0.21677242506785654,-0.17869924546717042,250,2025-06-19,2026-06-19,,21.394608,1077475409920,107747.540992,Healthcare,Drug Manufacturers - Specialty & Generic,INR,,2026-06-19,True,66.66666666666666,62.5,29.999999999999996,34.375,64.375,0.6458844477626777,Passed all filters,True
