Symbol,Company Name,Industry,Trailing PE,1Y Return,Market Cap (INR Crore),Screen Result,Price Error,Fundamental Error
ADANIPOWER,Adani Power Ltd.,Power,35.062027,1.1599253300584058,446942.0982272,P/E above 30,,
ADANIPORTS,Adani Ports and Special Economic Zone Ltd.,Services,31.480276,0.3774549936160638,422845.612032,P/E above 30,,
MOTHERSON,Samvardhana Motherson International Ltd.,Automobile and Auto Components,39.765026,0.4857112905602492,153271.5204608,P/E above 30,,
EICHERMOT,Eicher Motors Ltd.,Automobile and Auto Components,37.988518,0.4034200880857841,208920.0779264,P/E above 30,,
BPCL,Bharat Petroleum Corporation Ltd.,Oil Gas & Consumable Fuels,5.0694447,0.0421249344306831,130997.4593536,1Y return below 10%,,
JINDALSTEL,Jindal Steel Ltd.,Metals & Mining,34.299065,0.28453091348175175,115759.6184576,P/E above 30,,
ONGC,Oil & Natural Gas Corporation Ltd.,Oil Gas & Consumable Fuels,7.4757137,0.03187386543038029,309789.3797888,1Y return below 10%,,
POWERGRID,Power Grid Corporation of India Ltd.,Power,14.539801,0.05359286855734613,271810.1405696,1Y return below 10%,,
CUMMINSIND,Cummins India Ltd.,Capital Goods,68.77345,0.8371008252601364,162577.8028544,P/E above 30,,
RECLTD,REC Ltd.,Financial Services,5.74721,-0.02371665510883436,93571.612672,1Y return below 10%,,
BOSCHLTD,Bosch Ltd.,Automobile and Auto Components,42.716106,0.25839548314446237,118559.5785216,P/E above 30,,
ADANIENT,Adani Enterprises Ltd.,Metals & Mining,41.28822,0.25578710816079386,416864.6918144,P/E above 30,,
TORNTPHARM,Torrent Pharmaceuticals Ltd.,Healthcare,69.35651,0.41514809620454485,149924.5576192,P/E above 30,,
ADANIENSOL,Adani Energy Solutions Ltd.,Power,80.8691,0.8302574904056377,181081.3550592,P/E above 30,,
LT,Larsen & Toubro Ltd.,Construction,36.039383,0.1738185599975164,579073.7891328,P/E above 30,,
CHOLAFIN,Cholamandalam Investment and Finance Company Ltd.,Financial Services,27.383572,0.09779146783588577,144360.40704,1Y return below 10%,,
GAIL,GAIL (India) Ltd.,Oil Gas & Consumable Fuels,15.082394,-0.0003066611252463547,114340.6329856,1Y return below 10%,,
ADANIGREEN,Adani Green Energy Ltd.,Power,155.85062,0.6085653366317585,247471.7478912,P/E above 30,,
TVSMOTOR,TVS Motor Company Ltd.,Automobile and Auto Components,54.167713,0.24282666229539407,163615.6440576,P/E above 30,,
CGPOWER,CG Power and Industrial Solutions Ltd.,Capital Goods,124.993515,0.4486680942388479,151780.7468544,P/E above 30,,
GRASIM,Grasim Industries Ltd.,Construction Materials,43.0436,0.1736808255718605,213590.5271808,P/E above 30,,
SUNPHARMA,Sun Pharmaceutical Industries Ltd.,Healthcare,38.522633,0.12668854351751846,441069.7580544,P/E above 30,,
MARUTI,Maruti Suzuki India Ltd.,Automobile and Auto Components,28.691687,0.05731525785263836,421142.2265344,1Y return below 10%,,
ENRIN,Siemens Energy India Ltd.,Capital Goods,104.153755,0.40405482515001556,136533.0362368,P/E above 30,,
HDFCAMC,HDFC Asset Management Company Ltd.,Financial Services,40.90567,0.13930101266322614,116550.8214784,P/E above 30,,
BAJFINANCE,Bajaj Finance Ltd.,Financial Services,31.513762,0.06807327905937677,598035.3462272,P/E above 30; 1Y return below 10%,,
M&M,Mahindra & Mahindra Ltd.,Automobile and Auto Components,20.203693,0.0015197288010515564,369210.3729152,1Y return below 10%,,
TITAN,Titan Company Ltd.,Consumer Durables,77.19001,0.2646778349228158,392065.1091968,P/E above 30,,
ICICIBANK,ICICI Bank Ltd.,Financial Services,18.02061,-0.03855338409958475,965675.4765824,1Y return below 10%,,
APOLLOHOSP,Apollo Hospitals Enterprise Ltd.,Healthcare,62.843292,0.21430223683372418,122065.977344,P/E above 30,,
ASIANPAINT,Asian Paints Ltd.,Consumer Durables,60.636784,0.20686295100122343,261987.893248,P/E above 30,,
HYUNDAI,Hyundai Motor India Ltd.,Automobile and Auto Components,29.477142,0.04418832561249553,160330.612736,1Y return below 10%,,
VBL,Varun Beverages Ltd.,Fast Moving Consumer Goods,56.269928,0.1839445986736501,179092.5733888,P/E above 30,,
TATAPOWER,Tata Power Co. Ltd.,Power,34.359524,0.052445772824363246,128564.4877824,P/E above 30; 1Y return below 10%,,
BAJAJHLDNG,Bajaj Holdings & Investment Ltd.,Financial Services,12.323123,-0.20152117246430112,118828.0795136,1Y return below 10%,,
NESTLEIND,Nestle India Ltd.,Fast Moving Consumer Goods,78.208954,0.23198017613957478,272817.9269632,P/E above 30,,
KOTAKBANK,Kotak Mahindra Bank Ltd.,Financial Services,20.61177,-0.06888207408048486,397112.6132736,1Y return below 10%,,
DRREDDY,Dr. Reddy's Laboratories Ltd.,Healthcare,24.720171,-0.03463703576895416,105928.2092032,1Y return below 10%,,
ABB,ABB India Ltd.,Capital Goods,99.26048,0.24238571404538511,153591.1788544,P/E above 30,,
BEL,Bharat Electronics Ltd.,Capital Goods,51.62031,0.07818840817081552,312054.4612352,P/E above 30; 1Y return below 10%,,
RELIANCE,Reliance Industries Ltd.,Oil Gas & Consumable Fuels,21.949379,-0.07848415561362398,1772077.2919296,1Y return below 10%,,
HDFCBANK,HDFC Bank Ltd.,Financial Services,17.398483,-0.16972842980735214,1200700.260352,1Y return below 10%,,
WIPRO,Wipro Ltd.,Information Technology,14.383453,-0.2879136460808086,189679.2195072,1Y return below 10%,,
INFY,Infosys Ltd.,Information Technology,13.825115,-0.32612723739338745,425670.344704,1Y return below 10%,,
SIEMENS,Siemens Ltd.,Capital Goods,79.51777,0.14454458163976014,133887.0726656,P/E above 30,,
VEDL,Vedanta Ltd.,Metals & Mining,16.767,-0.26711584253935683,117456.437248,1Y return below 10%,,
CIPLA,Cipla Ltd.,Healthcare,28.12734,-0.07071566068251289,109204.5307904,1Y return below 10%,,
PIDILITIND,Pidilite Industries Ltd.,Chemicals,65.719635,0.07218168503266442,160798.3300608,P/E above 30; 1Y return below 10%,,
ITC,ITC Ltd.,Fast Moving Consumer Goods,17.716536,-0.26258227305838355,366486.9588992,1Y return below 10%,,
ULTRACEMCO,UltraTech Cement Ltd.,Construction Materials,40.897316,0.0016682698786669725,334382.628864,P/E above 30; 1Y return below 10%,,
IRFC,Indian Railway Finance Corporation Ltd.,Financial Services,18.565298,-0.23371393710343902,130044.7100928,1Y return below 10%,,
TECHM,Tech Mahindra Ltd.,Information Technology,25.98341,-0.13872660090053213,124865.5179776,1Y return below 10%,,
BHARTIARTL,Bharti Airtel Ltd.,Telecommunication,43.14292,0.026517904072456355,1163958.4718848,P/E above 30; 1Y return below 10%,,
AMBUJACEM,Ambuja Cements Ltd.,Construction Materials,22.266281,-0.20035934342405215,105343.8246912,1Y return below 10%,,
TCS,Tata Consultancy Services Ltd.,Information Technology,15.611226,-0.3549602953013111,768843.5531776,1Y return below 10%,,
BAJAJFINSV,Bajaj Finserv Ltd.,Financial Services,29.030354,-0.10029371729276082,282840.0590848,1Y return below 10%,,
HCLTECH,HCL Technologies Ltd.,Information Technology,18.45865,-0.3114128539580878,306211.6122624,1Y return below 10%,,
HAL,Hindustan Aeronautics Ltd.,Capital Goods,32.367283,-0.09028506948377202,294802.7121664,P/E above 30; 1Y return below 10%,,
HINDUNILVR,Hindustan Unilever Ltd.,Fast Moving Consumer Goods,48.424538,-0.025755309119092074,515641.3374464,P/E above 30; 1Y return below 10%,,
DIVISLAB,Divi's Laboratories Ltd.,Healthcare,69.75998,0.04323171284004723,179005.4629376,P/E above 30; 1Y return below 10%,,
LTM,LTM Ltd.,Information Technology,22.666784,-0.2736340590644296,113618.7670528,1Y return below 10%,,
SOLARINDS,Solar Industries India Ltd.,Chemicals,97.652275,0.06994467618068279,163352.6480896,P/E above 30; 1Y return below 10%,,
INDHOTEL,Indian Hotels Co. Ltd.,Consumer Services,49.47099,-0.02732345090644428,103163.2453632,P/E above 30; 1Y return below 10%,,
BRITANNIA,Britannia Industries Ltd.,Fast Moving Consumer Goods,49.293102,-0.053062148670709464,125131.0698496,P/E above 30; 1Y return below 10%,,
TATACONSUM,Tata Consumer Products Ltd.,Fast Moving Consumer Goods,71.11324,0.029959681232430313,109999.0695936,P/E above 30; 1Y return below 10%,,
SBILIFE,SBI Life Insurance Company Ltd.,Financial Services,73.26821,0.007434001055852013,180590.936064,P/E above 30; 1Y return below 10%,,
ETERNAL,Eternal Ltd.,Consumer Services,695.5263,0.0596583663429604,242994.5380864,P/E above 30; 1Y return below 10%,,
LODHA,Lodha Developers Ltd.,Realty,26.815128,-0.3537418093065833,91715.3972224,1Y return below 10%,,
DLF,DLF Ltd.,Realty,35.06457,-0.25102056950442864,154583.2103936,P/E above 30; 1Y return below 10%,,
MAZDOCK,Mazagoan Dock Shipbuilders Ltd.,Capital Goods,39.262665,-0.21378154752033873,101599.3204736,P/E above 30; 1Y return below 10%,,
DMART,Avenue Supermarts Ltd.,Consumer Services,93.62087,0.019937618124828527,279604.5467648,P/E above 30; 1Y return below 10%,,
UNITDSPR,United Spirits Ltd.,Fast Moving Consumer Goods,54.95214,-0.08650319399812434,96053.32992,P/E above 30; 1Y return below 10%,,
SHREECEM,Shree Cement Ltd.,Construction Materials,51.971066,-0.14039040245455825,90472.4742144,P/E above 30; 1Y return below 10%,,
MAXHEALTH,Max Healthcare Institute Ltd.,Healthcare,74.22034,-0.05759824049540185,106545.8597888,P/E above 30; 1Y return below 10%,,
GODREJCP,Godrej Consumer Products Ltd.,Fast Moving Consumer Goods,54.947834,-0.1468904944485382,102385.8507776,P/E above 30; 1Y return below 10%,,
HDFCLIFE,HDFC Life Insurance Company Ltd.,Financial Services,66.8757,-0.21821722597630433,128545.980416,P/E above 30; 1Y return below 10%,,
JIOFIN,Jio Financial Services Ltd.,Financial Services,101.01239,-0.13822184112892077,161413.791744,P/E above 30; 1Y return below 10%,,
TRENT,Trent Ltd.,Consumer Services,99.651855,-0.43906047726194664,170943.6043264,P/E above 30; 1Y return below 10%,,
INDIGO,InterGlobe Aviation Ltd.,Services,,-0.045724536309307506,194160.0600064,Missing trailing P/E; 1Y return below 10%,,
TATACAP,Tata Capital Ltd.,Financial Services,31.163975,,154668.2892288,P/E above 30; Missing 1Y return,Fewer than 200 observations,
TMCV,Tata Motors Ltd.,Capital Goods,48.917274,,148072.8772608,P/E above 30; Missing 1Y return,Fewer than 200 observations,
TMPV,Tata Motors Passenger Vehicles Ltd.,Automobile and Auto Components,,-0.46083269820736117,132383.5588608,Missing trailing P/E; 1Y return below 10%,,
VAML,Vedanta Aluminium Metal Ltd.,Metals & Mining,inf,,178720.5255168,P/E above 30; Missing 1Y return,Fewer than 200 observations,
VOGL,Vedanta Oil and Gas Ltd.,Oil Gas & Consumable Fuels,,,12832.9588736,Missing trailing P/E; Missing 1Y return,Fewer than 200 observations,
